[
  {
    "id": "c924e4ef-17b6-4b96-b6d4-16944f88681c",
    "data": [
      {
        "text": "please tell me some Precautions",
        "userDefined": false
      }
    ],
    "isTemplate": false,
    "count": 0,
    "lang": "en",
    "updated": 0
  },
  {
    "id": "baa1cf39-cc0c-47be-b8bd-7b0a43c1c11b",
    "data": [
      {
        "text": "what are the Precautions",
        "userDefined": false
      }
    ],
    "isTemplate": false,
    "count": 0,
    "lang": "en",
    "updated": 0
  },
  {
    "id": "320c7935-6fcd-44a5-bcbe-0822d74bc345",
    "data": [
      {
        "text": "Precautions",
        "userDefined": false
      }
    ],
    "isTemplate": false,
    "count": 0,
    "lang": "en",
    "updated": 0
  }
]