[
  {
    "id": "a96ee831-41c1-4a1b-920a-98b9094449d6",
    "data": [
      {
        "text": "symptoms",
        "userDefined": false
      }
    ],
    "isTemplate": false,
    "count": 0,
    "lang": "en",
    "updated": 0
  },
  {
    "id": "5afdffad-bc37-4d4d-a9b9-6b6ad5cb4251",
    "data": [
      {
        "text": "what are the symptoms of covid-",
        "userDefined": false
      },
      {
        "text": "19",
        "meta": "@sys.number",
        "alias": "number",
        "userDefined": false
      }
    ],
    "isTemplate": false,
    "count": 0,
    "lang": "en",
    "updated": 0
  },
  {
    "id": "817ac76b-3a79-418d-b742-5ef16b370aa9",
    "data": [
      {
        "text": "what are the symptoms of corona",
        "userDefined": false
      }
    ],
    "isTemplate": false,
    "count": 0,
    "lang": "en",
    "updated": 0
  },
  {
    "id": "6ab6bc32-154b-40ae-8352-a7c228c3a3c2",
    "data": [
      {
        "text": "symptoms for corona",
        "userDefined": false
      }
    ],
    "isTemplate": false,
    "count": 0,
    "lang": "en",
    "updated": 0
  }
]